{
    "left": {
        "fx": 248.7892127911359,
        "fy": 248.7892127911359,
        "cx": 228,
        "cy": 128,
        "disto": [
            0.0,
            0.0,
            0.0,
            0.0,
            0.0,
            0.0,
            0.0,
            0.0,
            0.0,
            0.0,
            0.0,
            0.0
        ],
        "v_fov": 54.6,
        "h_fov": 83.21271514892578,
        "d_fov": 91.07240295410156
    },
    "right": {
        "fx": 248.7892127911359,
        "fy": 248.7892127911359,
        "cx": 228,
        "cy": 128,
        "disto": [
            0.0,
            0.0,
            0.0,
            0.0,
            0.0,
            0.0,
            0.0,
            0.0,
            0.0,
            0.0,
            0.0,
            0.0
        ],
        "v_fov": 54.6,
        "h_fov": 83.21271514892578,
        "d_fov": 91.07240295410156
    }
}