{
    "left": {
        "fx": 1057.7322998046875,
        "fy": 1057.7322998046875,
        "cx": 972.5150756835938,
        "cy": 552.568359375,
        "disto": [
            0.0,
            0.0,
            0.0,
            0.0,
            0.0,
            0.0,
            0.0,
            0.0,
            0.0,
            0.0,
            0.0,
            0.0
        ],
        "v_fov": 54.09259796142578,
        "h_fov": 84.45639038085938,
        "d_fov": 92.32276916503906
    },
    "right": {
        "fx": 1057.7322998046875,
        "fy": 1057.7322998046875,
        "cx": 972.5150756835938,
        "cy": 552.568359375,
        "disto": [
            0.0,
            0.0,
            0.0,
            0.0,
            0.0,
            0.0,
            0.0,
            0.0,
            0.0,
            0.0,
            0.0,
            0.0
        ],
        "v_fov": 54.09259796142578,
        "h_fov": 84.45639038085938,
        "d_fov": 92.32276916503906
    }
}