{
    "left": {
        "fx": 606.0810546875,
        "fy": 605.1178588867188,
        "cx": 327.5788879394531,
        "cy": 245.88775634765625,
        "disto": [
            0.0,
            0.0,
            0.0,
            0.0,
            0.0,
            0.0,
            0.0,
            0.0,
            0.0,
            0.0,
            0.0,
            0.0
        ],
        "v_fov": 43.26823228108298,
        "h_fov": 55.666511538906235,
        "d_fov": 66.88972923932252
    },
    "right": {
        "fx": 606.0810546875,
        "fy": 605.1178588867188,
        "cx": 327.5788879394531,
        "cy": 245.88775634765625,
        "disto": [
            0.0,
            0.0,
            0.0,
            0.0,
            0.0,
            0.0,
            0.0,
            0.0,
            0.0,
            0.0,
            0.0,
            0.0
        ],
        "v_fov": 43.26823228108298,
        "h_fov": 55.666511538906235,
        "d_fov": 66.88972923932252
    }
}