{
    "left": {
        "fx": 615.973876953125,
        "fy": 614.9360961914062,
        "cx": 321.73553466796875,
        "cy": 238.9122314453125,
        "disto": [
            0.0,
            0.0,
            0.0,
            0.0,
            0.0,
            0.0,
            0.0,
            0.0,
            0.0,
            0.0,
            0.0,
            0.0
        ],
        "v_fov": 42.63985745263545,
        "h_fov": 54.90398357522851,
        "d_fov": 30.831324956618946
    },
    "right": {
        "fx": 615.973876953125,
        "fy": 614.9360961914062,
        "cx": 321.73553466796875,
        "cy": 238.9122314453125,
        "disto": [
            0.0,
            0.0,
            0.0,
            0.0,
            0.0,
            0.0,
            0.0,
            0.0,
            0.0,
            0.0,
            0.0,
            0.0
        ],
        "v_fov": 42.63985745263545,
        "h_fov": 54.90398357522851,
        "d_fov": 30.831324956618946
    }
}