{
    "Mat_base_T_camera_optical": [
        [
            0.0212777956427046,
            -0.9126647958405447,
            0.40815465922358823,
            -0.026559051415916107
        ],
        [
            -0.9980394151774061,
            -0.04342534807959219,
            -0.045072884271005385,
            -0.15181438037418107
        ],
        [
            0.0588606928682333,
            -0.40639538577289785,
            -0.9117994347758551,
            0.5274204658118765
        ],
        [
            0.0,
            0.0,
            0.0,
            1.0
        ]
    ],
    "Mat_base_T_camera_link": [
        [
            0.40815465922358823,
            -0.0212777956427046,
            0.9126647958405447,
            -0.026559051415916107
        ],
        [
            -0.045072884271005385,
            0.9980394151774061,
            0.04342534807959219,
            -0.15181438037418107
        ],
        [
            -0.9117994347758551,
            -0.0588606928682333,
            0.40639538577289785,
            0.5274204658118765
        ],
        [
            0.0,
            0.0,
            0.0,
            1.0
        ]
    ],
    "Mat_flange_T_marker": [
        [
            0.0006998322819928848,
            -0.29717671798689593,
            -0.9548222392263986,
            0.050514775964142666
        ],
        [
            -0.999959753140051,
            0.00833235294914047,
            -0.003326258321180445,
            0.004126013483342451
        ],
        [
            0.008944402431988019,
            0.9547861384524117,
            -0.29715892630756846,
            0.1536365168970852
        ],
        [
            0.0,
            0.0,
            0.0,
            1.0
        ]
    ]
}