{
    "Mat_base_T_camera_optical": [
        [
            0.023597221651250777,
            -0.8626915790755982,
            0.5051795824480559,
            -0.1560908690563006
        ],
        [
            -0.9987606664898718,
            0.0018067131152987373,
            0.049737982070306046,
            0.21249914875412312
        ],
        [
            -0.04382125286945614,
            -0.5057271746502945,
            -0.8615797830829026,
            0.4113790095034597
        ],
        [
            0.0,
            0.0,
            0.0,
            1.0
        ]
    ],
    "Mat_base_T_camera_link": [
        [
            0.5051795824480559,
            -0.023597221651250777,
            0.8626915790755982,
            -0.1560908690563006
        ],
        [
            0.049737982070306046,
            0.9987606664898718,
            -0.0018067131152987373,
            0.21249914875412312
        ],
        [
            -0.8615797830829026,
            0.04382125286945614,
            0.5057271746502945,
            0.4113790095034597
        ],
        [
            0.0,
            0.0,
            0.0,
            1.0
        ]
    ],
    "Mat_flange_T_marker": [
        [
            -0.00033361515434937594,
            -0.2744376911103359,
            -0.9616048265264461,
            0.051375865313191604
        ],
        [
            -0.999943790433456,
            -0.010098951056162991,
            0.0032291115090305176,
            -0.0015222305364778596
        ],
        [
            -0.010597389985336825,
            0.961551852416495,
            -0.2744188959235601,
            0.15306236486226793
        ],
        [
            0.0,
            0.0,
            0.0,
            1.0
        ]
    ]
}