{
    "Mat_base_T_camera_optical": [
        [
            -0.009968572823140454,
            -0.9039062649873303,
            0.4276144193926624,
            0.030803888017844186
        ],
        [
            -0.9999358513246767,
            0.006711117150984953,
            -0.009124370782681995,
            -0.1590250759135661
        ],
        [
            0.005377805450539037,
            -0.4276779454487217,
            -0.9039151808578592,
            0.4355591083216722
        ],
        [
            0.0,
            0.0,
            0.0,
            1.0
        ]
    ],
    "Mat_base_T_camera_link": [
        [
            0.4276144193926624,
            0.009968572823140454,
            0.9039062649873303,
            0.030803888017844186
        ],
        [
            -0.009124370782681995,
            0.9999358513246767,
            -0.006711117150984953,
            -0.1590250759135661
        ],
        [
            -0.9039151808578592,
            -0.005377805450539037,
            0.4276779454487217,
            0.4355591083216722
        ],
        [
            0.0,
            0.0,
            0.0,
            1.0
        ]
    ],
    "Mat_flange_T_marker": [
        [
            -0.013057567014820748,
            -0.2827713747151327,
            -0.9590984566692657,
            0.05318530939938876
        ],
        [
            -0.9996146445795859,
            -0.019806731410350362,
            0.01944879772290629,
            -0.0038902555757330485
        ],
        [
            -0.024496168795992538,
            0.9589828168599017,
            -0.2824037795104132,
            0.15388556914807752
        ],
        [
            0.0,
            0.0,
            0.0,
            1.0
        ]
    ]
}