{
    "Mat_base_T_camera_optical": [
        [
            0.016086832233650483,
            -0.8312986221533272,
            0.5555932096729276,
            -0.1323467730718896
        ],
        [
            -0.9997445334133782,
            -0.004549523427403557,
            0.022139777475172484,
            0.2202468796660525
        ],
        [
            -0.015877082186378896,
            -0.5558074330580358,
            -0.8311594405519821,
            0.4515021335714948
        ],
        [
            0.0,
            0.0,
            0.0,
            1.0
        ]
    ],
    "Mat_base_T_camera_link": [
        [
            0.5555932096729276,
            -0.016086832233650483,
            0.8312986221533272,
            -0.1323467730718896
        ],
        [
            0.022139777475172484,
            0.9997445334133782,
            0.004549523427403557,
            0.2202468796660525
        ],
        [
            -0.8311594405519821,
            0.015877082186378896,
            0.5558074330580358,
            0.4515021335714948
        ],
        [
            0.0,
            0.0,
            0.0,
            1.0
        ]
    ],
    "Mat_flange_T_marker": [
        [
            0.036382196682343215,
            -0.22380027135550928,
            -0.9739557352907617,
            0.058839416738578204
        ],
        [
            -0.9993214268447022,
            -0.013751804751940627,
            -0.03416977780339844,
            -0.0004424914030128451
        ],
        [
            -0.00574644356419324,
            0.9745380066509799,
            -0.2241487273644414,
            0.1485208483947107
        ],
        [
            0.0,
            0.0,
            0.0,
            1.0
        ]
    ]
}