{
    "Mat_base_T_camera_optical": [
        [
            0.05517874651119348,
            -0.8810417953925008,
            0.4698091747773898,
            -0.0955197144038325
        ],
        [
            -0.9979164707300928,
            -0.06441856841043157,
            -0.003600762356295646,
            -0.1655378599231567
        ],
        [
            0.03343685659641814,
            -0.468631628057165,
            -0.8827606548807221,
            0.46377594024935426
        ],
        [
            0.0,
            0.0,
            0.0,
            1.0
        ]
    ],
    "Mat_base_T_camera_link": [
        [
            0.4698091747773898,
            -0.05517874651119348,
            0.8810417953925008,
            -0.0955197144038325
        ],
        [
            -0.003600762356295646,
            0.9979164707300928,
            0.06441856841043157,
            -0.1655378599231567
        ],
        [
            -0.8827606548807221,
            -0.03343685659641814,
            0.468631628057165,
            0.46377594024935426
        ],
        [
            0.0,
            0.0,
            0.0,
            1.0
        ]
    ],
    "Mat_flange_T_marker": [
        [
            0.007247022518441337,
            -0.2678570266848662,
            -0.9634314163032881,
            0.05293050584291354
        ],
        [
            -0.9999601469747205,
            0.003082342927791304,
            -0.008378760312285793,
            0.003594071181822367
        ],
        [
            0.005213935837008409,
            0.9634537417113591,
            -0.26782401396340333,
            0.1480204393032318
        ],
        [
            0.0,
            0.0,
            0.0,
            1.0
        ]
    ]
}