{
    "Mat_base_T_camera_optical": [
        [
            0.009310173840278102,
            -0.8616514511210308,
            0.5074151135353436,
            -0.0636486202196397
        ],
        [
            -0.9988905627291024,
            0.015411595050046745,
            0.04449861153733767,
            0.21588049831444225
        ],
        [
            -0.04616236945609826,
            -0.5072664581056342,
            -0.8605520182575621,
            0.504292406617406
        ],
        [
            0.0,
            0.0,
            0.0,
            1.0
        ]
    ],
    "Mat_base_T_camera_link": [
        [
            0.5074151135353436,
            -0.009310173840278102,
            0.8616514511210308,
            -0.0636486202196397
        ],
        [
            0.04449861153733767,
            0.9988905627291024,
            -0.015411595050046745,
            0.21588049831444225
        ],
        [
            -0.8605520182575621,
            0.04616236945609826,
            0.5072664581056342,
            0.504292406617406
        ],
        [
            0.0,
            0.0,
            0.0,
            1.0
        ]
    ],
    "Mat_flange_T_marker": [
        [
            -0.0009380140696177985,
            -0.2599487116232729,
            -0.9656219692276095,
            0.05947377876041433
        ],
        [
            -0.9999561483936663,
            -0.008753656394912324,
            0.0033278806204199984,
            -0.0007499108369053989
        ],
        [
            -0.00931780120571135,
            0.9655827467519916,
            -0.2599291014018444,
            0.1524921717615181
        ],
        [
            0.0,
            0.0,
            0.0,
            1.0
        ]
    ]
}