{
    "Mat_base_T_camera_optical": [
        [
            0.022101386983760296,
            -0.9066825070943296,
            0.4212343291121168,
            -0.1219862297744694
        ],
        [
            -0.9997530337771272,
            -0.019064431014372385,
            0.011420110486716706,
            -0.17394655725249242
        ],
        [
            -0.002323821599147181,
            -0.42138269874217577,
            -0.9068799375076814,
            0.41157359828794954
        ],
        [
            0.0,
            0.0,
            0.0,
            1.0
        ]
    ],
    "Mat_base_T_camera_link": [
        [
            0.4212343291121168,
            -0.022101386983760296,
            0.9066825070943296,
            -0.1219862297744694
        ],
        [
            0.011420110486716706,
            0.9997530337771272,
            0.019064431014372385,
            -0.17394655725249242
        ],
        [
            -0.9068799375076814,
            0.002323821599147181,
            0.42138269874217577,
            0.41157359828794954
        ],
        [
            0.0,
            0.0,
            0.0,
            1.0
        ]
    ],
    "Mat_flange_T_marker": [
        [
            0.0012488866031510337,
            -0.2841156589602972,
            -0.9587892013450136,
            0.05015089651004957
        ],
        [
            -0.9998479720898766,
            -0.017029823555719914,
            0.0037440375829688177,
            -0.0010547160525039981
        ],
        [
            -0.0173917506310925,
            0.9586387627481048,
            -0.2840937337689248,
            0.14914642808583012
        ],
        [
            0.0,
            0.0,
            0.0,
            1.0
        ]
    ]
}