{
    "Mat_base_T_camera_optical": [
        [
            -0.01183190789747779,
            -0.8429401963145361,
            0.5378771526963358,
            -0.013480737963137791
        ],
        [
            -0.9993982329683122,
            0.02750968250850716,
            0.021127927207766017,
            0.14884266718473377
        ],
        [
            -0.03260640880748956,
            -0.5373034922699581,
            -0.8427584347244387,
            0.42898458713016263
        ],
        [
            0.0,
            0.0,
            0.0,
            1.0
        ]
    ],
    "Mat_base_T_camera_link": [
        [
            0.5378771526963358,
            0.01183190789747779,
            0.8429401963145361,
            -0.013480737963137791
        ],
        [
            0.021127927207766017,
            0.9993982329683122,
            -0.02750968250850716,
            0.14884266718473377
        ],
        [
            -0.8427584347244387,
            0.03260640880748956,
            0.5373034922699581,
            0.42898458713016263
        ],
        [
            0.0,
            0.0,
            0.0,
            1.0
        ]
    ],
    "Mat_flange_T_marker": [
        [
            -0.007605523201295039,
            -0.2632502672170145,
            -0.9646975965695184,
            0.05348142156810566
        ],
        [
            -0.9999670771915751,
            -0.0007266225361369926,
            0.008081865665095772,
            -0.0005892477010931583
        ],
        [
            -0.0028285243101731088,
            0.9647273028321839,
            -0.2632360739343421,
            0.14960951042551685
        ],
        [
            0.0,
            0.0,
            0.0,
            1.0
        ]
    ]
}